{
  "project_info": {
    "project_number": "741861065181",
    "firebase_url": "https://diabateject.firebaseio.com",
    "project_id": "diabateject",
    "storage_bucket": "diabateject.appspot.com"
  },
  "client": [
    {
      "client_info": {
        "mobilesdk_app_id": "1:741861065181:android:09837c89404d9b46a33634",
        "android_client_info": {
          "package_name": "com.example.daibatesmyapp"
        }
      },
      "oauth_client": [
        {
          "client_id": "741861065181-cemj8mjgc2fkapo5efamumrv8od28s8j.apps.googleusercontent.com",
          "client_type": 1,
          "android_info": {
            "package_name": "com.example.daibatesmyapp",
            "certificate_hash": "5de3060ea94e6ddc01aed72d7bf61796970e958d"
          }
        },
        {
          "client_id": "741861065181-sq1h6f8a4se5d45t8oqhv87htirajfo6.apps.googleusercontent.com",
          "client_type": 1,
          "android_info": {
            "package_name": "com.example.daibatesmyapp",
            "certificate_hash": "36733d22b90e35654326f6387cd1cba9c3c6ee53"
          }
        },
        {
          "client_id": "741861065181-nkv07t6rnmqj4toul0a1ajohur4du5ah.apps.googleusercontent.com",
          "client_type": 3
        }
      ],
      "api_key": [
        {
          "current_key": "AIzaSyCiN-Mwf_fKTxH0Six1flybhHAhogDfh1w"
        }
      ],
      "services": {
        "appinvite_service": {
          "other_platform_oauth_client": [
            {
              "client_id": "741861065181-nkv07t6rnmqj4toul0a1ajohur4du5ah.apps.googleusercontent.com",
              "client_type": 3
            }
          ]
        }
      }
    }
  ],
  "configuration_version": "1"
}